breed,fact,source_url
Affenpinscher,Built to kill rats and other pests in German stables.,https://www.akc.org/dog-breeds/affenpinscher/
Affenpinscher,Developed in the 1600s.,https://www.akc.org/dog-breeds/affenpinscher/
Affenpinscher,Height 9-11.5 inches. Weight 7-10 pounds.,https://www.akc.org/dog-breeds/affenpinscher/
Afghan Hound,Afghans were developed as fast hunting companions in Asia's mountain kingdoms.,https://www.akc.org/dog-breeds/afghan-hound/
Afghan Hound,"In the 1800s, English officers brought Afghans to the West.",https://www.akc.org/dog-breeds/afghan-hound/
Afghan Hound,Height 25-27 inches. Weight 50-60 pounds.,https://www.akc.org/dog-breeds/afghan-hound/
Airedale Terrier,Airedales were developed by mill workers in the Aire Valley as all-around terriers.,https://www.akc.org/dog-breeds/airedale-terrier/
Airedale Terrier,Developed in the mid-1800s.,https://www.akc.org/dog-breeds/airedale-terrier/
Airedale Terrier,"Airedale work has included ratting, retrieving ducks, and herding.",https://www.akc.org/dog-breeds/airedale-terrier/
Airedale Terrier,Height 23 inches. Weight 50-70 pounds.,https://www.akc.org/dog-breeds/airedale-terrier/
Akita,Akitas were developed in northern Japan as big-game hunters and protectors.,https://www.akc.org/dog-breeds/akita/
Akita,"Height 26-28 inches (male), 24-26 inches (female). Weight 100-130 pounds (male), 70-100 pounds (female).",https://www.akc.org/dog-breeds/akita/
Alaskan Malamute,Malamutes were developed as sledge dogs to haul heavy loads over long distances.,https://www.akc.org/dog-breeds/alaskan-malamute/
Alaskan Malamute,"In 1933, some Malamutes were chosen to help Admiral Richard Byrd on his Antarctic expedition.",https://www.akc.org/dog-breeds/alaskan-malamute/
Alaskan Malamute,In the Arctic the breed also worked as hunting partners and backpack carriers.,https://www.akc.org/dog-breeds/alaskan-malamute/
Alaskan Malamute,"Height 25 inches (male), 23 inches (female). Weight 85 pounds (male), 75 pounds (female).",https://www.akc.org/dog-breeds/alaskan-malamute/
American English Coonhound,Frontiersmen developed this hound to trail and tree raccoons.,https://www.akc.org/dog-breeds/american-english-coonhound/
American English Coonhound,"Height 24-26 inches (male), 23-25 inches (female). Weight 45-65 pounds.",https://www.akc.org/dog-breeds/american-english-coonhound/
American Eskimo Dog,German farmers brought the dogs that became Eskies to America as all-around farm dogs.,https://www.akc.org/dog-breeds/american-eskimo-dog/
American Eskimo Dog,German farmers arrived in America in the early 1800s.,https://www.akc.org/dog-breeds/american-eskimo-dog/
American Eskimo Dog,"Height 9-12 inches (toy), 12-15 inches (miniature), 15-19 inches (Standard). Weight 6-10 pounds (toy), 10-20 pounds (miniature), 25-35 pounds (standard).",https://www.akc.org/dog-breeds/american-eskimo-dog/
American Foxhound,American Foxhounds were developed to chase foxes alongside horses.,https://www.akc.org/dog-breeds/american-foxhound/
American Foxhound,"Height 22-25 inches (male), 21-24 inches (female). Weight 65-70 pounds (male), 60-65 pounds (female).",https://www.akc.org/dog-breeds/american-foxhound/
American Hairless Terrier,The American Hairless Terrier began as a hairless offshoot of the Rat Terrier.,https://www.akc.org/dog-breeds/american-hairless-terrier/
American Hairless Terrier,Developed in the 1970s.,https://www.akc.org/dog-breeds/american-hairless-terrier/
American Hairless Terrier,Height 12-16 inches. Weight 12-28 pounds.,https://www.akc.org/dog-breeds/american-hairless-terrier/
American Pit Bull Terrier,"Built to catch semi-wild cattle and hogs, to hunt, and to drive livestock.",https://www.ukcdogs.com/american-pit-bull-terrier
American Pit Bull Terrier,"UKC history says fanciers in England, Ireland, and Scotland began crossing bulldogs and terriers in the nineteenth century.",https://www.ukcdogs.com/american-pit-bull-terrier
American Pit Bull Terrier,Weight 35 to 60 pounds (male) and 30 to 50 pounds (female). Height 18 to 21 inches (male) and 17 to 20 inches (female).,https://www.ukcdogs.com/american-pit-bull-terrier
American Pit Bull Terrier,American Temperament Test Society pass rate: 87.6% (960 dogs tested).,https://atts.org/breed-statistics/statistics-page1/
American Staffordshire Terrier,The AmStaff got its start as a fighting and baiting dog of the 18th and 19th centuries.,https://www.akc.org/dog-breeds/american-staffordshire-terrier/
American Staffordshire Terrier,"Height 18-19 inches (male), 17-18 inches (female). Weight 55-70 pounds (male), 40-55 pounds (female).",https://www.akc.org/dog-breeds/american-staffordshire-terrier/
American Water Spaniel,Built to hunt waterfowl in and around the Great Lakes.,https://www.akc.org/dog-breeds/american-water-spaniel/
American Water Spaniel,European immigrants who settled Wisconsin and Minnesota depended on the region's waterfowl.,https://www.akc.org/dog-breeds/american-water-spaniel/
American Water Spaniel,"Height 15-18 inches. Weight 30-45 pounds (male), 25-40 pounds (female).",https://www.akc.org/dog-breeds/american-water-spaniel/
Anatolian Shepherd Dog,Sheep and goat herders in Anatolia developed this dog as a livestock guardian.,https://www.akc.org/dog-breeds/anatolian-shepherd-dog/
Anatolian Shepherd Dog,"Height 29 inches (male), 27 inches (female). Weight 110-150 pounds (male), 80-120 pounds (female).",https://www.akc.org/dog-breeds/anatolian-shepherd-dog/
Australian Cattle Dog,Australian Cattle Dogs were developed to work cattle for farmers.,https://www.akc.org/dog-breeds/australian-cattle-dog/
Australian Cattle Dog,"In the 1800s, George Elliot bred Dingoes with Collies and sold the puppies to farmers.",https://www.akc.org/dog-breeds/australian-cattle-dog/
Australian Cattle Dog,A sheepdog was also added to the line.,https://www.akc.org/dog-breeds/australian-cattle-dog/
Australian Cattle Dog,"Height 18-20 inches (male), 17-19 inches (female). Weight 35-50 pounds.",https://www.akc.org/dog-breeds/australian-cattle-dog/
Australian Shepherd,Australian Shepherds were developed as sheepdogs and later refined on American ranches.,https://www.akc.org/dog-breeds/australian-shepherd/
Australian Shepherd,In the 1800s Basques and their dogs sailed east to try their luck in Australia.,https://www.akc.org/dog-breeds/australian-shepherd/
Australian Shepherd,"Height 20-23 inches (male), 18-21 inches (female). Weight 50-65 pounds (male), 40-55 pounds (female).",https://www.akc.org/dog-breeds/australian-shepherd/
Australian Terrier,Australian Terriers were bred to work on small mammals and snakes.,https://www.akc.org/dog-breeds/australian-terrier/
Australian Terrier,Height 10-11 inches. Weight 15-20 pounds.,https://www.akc.org/dog-breeds/australian-terrier/
Azawakh,Azawakhs were expected to guard the camels and goats of nomads in the Sahel.,https://www.akc.org/dog-breeds/azawakh/
Azawakh,"Height 25-29 inches (male), 23.5-27.5 inches (female). Weight 44-55 pounds (male), 33-44 pounds (female).",https://www.akc.org/dog-breeds/azawakh/
Barbet,Built as a water dog for hunting water game in France.,https://www.akc.org/dog-breeds/barbet/
Barbet,Some experts call the Barbet an ancestor of the Poodle and the Irish Water Spaniel.,https://www.akc.org/dog-breeds/barbet/
Barbet,Height 19-24.5 inches. Weight 35-65 pounds.,https://www.akc.org/dog-breeds/barbet/
Basenji,"Basenjis were prized in Africa as hunters who used sight, speed, and scent.",https://www.akc.org/dog-breeds/basenji/
Basenji,"African tribesmen prized Basenjis as hunters with keen eyesight, speed, and a strong sense of smell.",https://www.akc.org/dog-breeds/basenji/
Basenji,"Height 17 inches (male), 16 inches (female). Weight 24 pounds (male), 22 pounds (female).",https://www.akc.org/dog-breeds/basenji/
Basset Fauve de Bretagne,The Basset Fauve was developed as a shorter-legged hound for hunters who did not have horses.,https://www.akc.org/dog-breeds/basset-fauve-de-bretagne/
Basset Fauve de Bretagne,"The breed traces to the 1500s, when Francois I hunted with a pack of Breton hounds.",https://www.akc.org/dog-breeds/basset-fauve-de-bretagne/
Basset Fauve de Bretagne,Height 12.5-15.5 inches. Weight 23-39 pounds.,https://www.akc.org/dog-breeds/basset-fauve-de-bretagne/
Basset Hound,Basset Hounds were bred in France as low-slung hounds to track rabbits and deer.,https://www.akc.org/dog-breeds/basset-hound/
Basset Hound,Height up to 15 inches. Weight 40-65 pounds.,https://www.akc.org/dog-breeds/basset-hound/
Beagle,Beagles were developed in England as small hounds to track rabbits.,https://www.akc.org/dog-breeds/beagle/
Beagle,There are reports of hounds used for hunting in England even before the Romans arrived in 55 b.c.,https://www.akc.org/dog-breeds/beagle/
Beagle,"Height 13 inches & under, 13-15 inches. Weight under 20 pounds (13 inches & under), 20-30 pounds (13-15 inches).",https://www.akc.org/dog-breeds/beagle/
Bearded Collie,Beardies were developed in Scotland to herd cattle and drive the herd to market.,https://www.akc.org/dog-breeds/bearded-collie/
Bearded Collie,Shepherds prized Beardies for herding and droving in Scotland's raw climate and hilly terrain.,https://www.akc.org/dog-breeds/bearded-collie/
Bearded Collie,"Height 21-22 inches (male), 20-21 inches (female). Weight 45-55 pounds.",https://www.akc.org/dog-breeds/bearded-collie/
Beauceron,Beaucerons were developed in the Beauce region of France to move livestock.,https://www.akc.org/dog-breeds/beauceron/
Beauceron,"Since the late Middle Ages Beaucerons have moved livestock, and the breed has also served as soldiers, bodyguards, and rescuers.",https://www.akc.org/dog-breeds/beauceron/
Beauceron,"Height 25.5-27.5 inches (male), 24-26.5 inches (female). Weight 70-110 pounds.",https://www.akc.org/dog-breeds/beauceron/
Bedlington Terrier,Bedlingtons were developed in a northern mining district to kill rats in coal mines and hunt varmints.,https://www.akc.org/dog-breeds/bedlington-terrier/
Bedlington Terrier,"The first dog called a Bedlington Terrier was Ainsley's Piper, whelped in 1825.",https://www.akc.org/dog-breeds/bedlington-terrier/
Bedlington Terrier,Height 15-17.5 inches. Weight 17-23 pounds.,https://www.akc.org/dog-breeds/bedlington-terrier/
Belgian Laekenois,Belgian farmers developed the Laekenois to drive and protect livestock.,https://www.akc.org/dog-breeds/belgian-laekenois/
Belgian Laekenois,"Queen Marie-Henriette, born in 1836 was said to favor the breed.",https://www.akc.org/dog-breeds/belgian-laekenois/
Belgian Laekenois,"Height 24-26 inches (male), 22-24 inches (female). Weight 55-65 pounds.",https://www.akc.org/dog-breeds/belgian-laekenois/
Belgian Malinois,The Malinois was developed around the city of Malines as a livestock herding dog.,https://www.akc.org/dog-breeds/belgian-malinois/
Belgian Malinois,Malinois first came to America in 1911.,https://www.akc.org/dog-breeds/belgian-malinois/
Belgian Malinois,The Malinois is one of four closely related Belgian herding breeds.,https://www.akc.org/dog-breeds/belgian-malinois/
Belgian Malinois,"Height 24-26 inches (male), 22-24 inches (female). Weight 60-80 pounds (male), 40-60 pounds (female).",https://www.akc.org/dog-breeds/belgian-malinois/
Belgian Sheepdog,Belgian Sheepdogs were developed as herding dogs for Belgian farms.,https://www.akc.org/dog-breeds/belgian-sheepdog/
Belgian Sheepdog,Developed in the 1890s.,https://www.akc.org/dog-breeds/belgian-sheepdog/
Belgian Sheepdog,"Height 24-26 inches (male), 22-24 inches (female). Weight 55-75 pounds (male), 45-60 pounds (female).",https://www.akc.org/dog-breeds/belgian-sheepdog/
Belgian Tervuren,Tervurens were developed as all-purpose farm dogs in the village of Tervuren.,https://www.akc.org/dog-breeds/belgian-tervuren/
Belgian Tervuren,Developed in the 20th century.,https://www.akc.org/dog-breeds/belgian-tervuren/
Belgian Tervuren,"Height 24-26 inches (male), 22-24 inches (female). Weight 55-75 pounds (male), 45-60 pounds (female).",https://www.akc.org/dog-breeds/belgian-tervuren/
Bergamasco Sheepdog,Bergamascos were developed to move and guard sheep on rocky Alpine slopes.,https://www.akc.org/dog-breeds/bergamasco-sheepdog/
Bergamasco Sheepdog,"Height 23.5 inches (male), 22 inches (female). Weight 70-84 pounds (male), 57-71 pounds (female).",https://www.akc.org/dog-breeds/bergamasco-sheepdog/
Berger Picard,Developed by French shepherds as a pasture herding dog.,https://www.akc.org/dog-breeds/berger-picard/
Berger Picard,Berger Picards were shown in the same class as Beaucerons and Briards in 1863.,https://www.akc.org/dog-breeds/berger-picard/
Berger Picard,"The Berger Picard was brought to northern France, then called Gaul, by invading Celts in the third century b.c.",https://www.akc.org/dog-breeds/berger-picard/
Berger Picard,"Height 23.5-25.5 inches (male), 21.5-23.5 inches (female). Weight 50-70 pounds.",https://www.akc.org/dog-breeds/berger-picard/
Bernese Mountain Dog,Bernese Mountain Dogs were developed as Swiss farm dogs to pull carts and drive dairy cattle.,https://www.akc.org/dog-breeds/bernese-mountain-dog/
Bernese Mountain Dog,"Height 25-27.5 inches (male), 23-26 inches (female). Weight 80-115 pounds (male), 70-95 pounds (female).",https://www.akc.org/dog-breeds/bernese-mountain-dog/
Bichon Frise,Bichons first worked with Spanish sailors and later became companion dogs.,https://www.akc.org/dog-breeds/bichon-frise/
Bichon Frise,Height 9.5-11.5 inches. Weight 12-18 pounds.,https://www.akc.org/dog-breeds/bichon-frise/
Biewer Terrier,Built in Germany from Yorkshire Terriers as a small companion dog.,https://www.akc.org/dog-breeds/biewer-terrier/
Biewer Terrier,Height 7-11 inches. Weight 4-8 pounds.,https://www.akc.org/dog-breeds/biewer-terrier/
Black and Tan Coonhound,Black and Tan Coonhounds were developed to trail raccoons by scent and tree them for hunters.,https://www.akc.org/dog-breeds/black-and-tan-coonhound/
Black and Tan Coonhound,"Height 25-27 inches (male), 23-25 inches (female). Weight 65-110 pounds.",https://www.akc.org/dog-breeds/black-and-tan-coonhound/
Black Russian Terrier,Developed by the Soviet military as a multi-purpose military dog.,https://www.akc.org/dog-breeds/black-russian-terrier/
Black Russian Terrier,Developed in the late 1940s.,https://www.akc.org/dog-breeds/black-russian-terrier/
Black Russian Terrier,"Height 27-30 inches (male), 26-29 inches (female). Weight 80-130 pounds.",https://www.akc.org/dog-breeds/black-russian-terrier/
Bloodhound,Bloodhounds were developed to follow human scent and find people who are lost or hiding.,https://www.akc.org/dog-breeds/bloodhound/
Bloodhound,"Height 25-27 inches (male), 23-25 inches (female). Weight 90-110 pounds (male), 80-100 pounds (female).",https://www.akc.org/dog-breeds/bloodhound/
Bluetick Coonhound,"Blueticks were developed as scenthounds, and today's dogs specialize in trailing raccoons.",https://www.akc.org/dog-breeds/bluetick-coonhound/
Bluetick Coonhound,"Height 22-27 inches (male), 21-25 inches (female). Weight 55-80 pounds (male), 45-65 pounds (female).",https://www.akc.org/dog-breeds/bluetick-coonhound/
Boerboel,Boerboels were developed in South Africa as farm dogs to guard remote homesteads from predators.,https://www.akc.org/dog-breeds/boerboel/
Boerboel,"Boer was the name given to Dutch, German, and Huguenot settlers of South Africa who began arriving in the mid-1600s.",https://www.akc.org/dog-breeds/boerboel/
Boerboel,"Height 24-27 inches (male), 22-25 inches (female). Weight 150-200 pounds.",https://www.akc.org/dog-breeds/boerboel/
Border Collie,Border Collies were developed in the borderland between England and Scotland to herd sheep.,https://www.akc.org/dog-breeds/border-collie/
Border Collie,"Collie is a Scottish dialect word for sheepdogs, including Border Collies.",https://www.akc.org/dog-breeds/border-collie/
Border Collie,"Height 19-22 inches (male), 18-21 inches (female). Weight 30-55 pounds.",https://www.akc.org/dog-breeds/border-collie/
Border Terrier,Border Terriers were developed to follow foxhounds and bolt foxes from their lairs.,https://www.akc.org/dog-breeds/border-terrier/
Border Terrier,Border Terriers needed legs long enough to keep up with foxhounds and huntsmen on horseback.,https://www.akc.org/dog-breeds/border-terrier/
Border Terrier,"Height 12-15 inches. Weight 13-15.5 pounds (male), 11.5-14 pounds (female).",https://www.akc.org/dog-breeds/border-terrier/
Borzoi,Developed by the Russian aristocracy to hunt wolves.,https://www.akc.org/dog-breeds/borzoi/
Borzoi,The first Borzoi standard was written in 1650.,https://www.akc.org/dog-breeds/borzoi/
Borzoi,"Height 28 inches & up (male), 26 inches & up (female). Weight 75-105 pounds (male), 60-85 pounds (female).",https://www.akc.org/dog-breeds/borzoi/
Boston Terrier,Built in Boston from a Bulldog and English Terrier cross.,https://www.akc.org/dog-breeds/boston-terrier/
Boston Terrier,Developed around 1870.,https://www.akc.org/dog-breeds/boston-terrier/
Boston Terrier,Height 10-12 inches. Weight 12-25 pounds.,https://www.akc.org/dog-breeds/boston-terrier/
Bouvier des Flandres,The Bouvier was developed in Flanders to move cattle.,https://www.akc.org/dog-breeds/bouvier-des-flandres/
Bouvier des Flandres,"The breed also pulled carts and, in World War I, served as messengers and ambulance dogs.",https://www.akc.org/dog-breeds/bouvier-des-flandres/
Bouvier des Flandres,"Height 24.5-27.5 inches (male), 23.5-26.5 inches (female). Weight 70-110 pounds.",https://www.akc.org/dog-breeds/bouvier-des-flandres/
Boxer,"The modern Boxer was developed in Germany from the Bullenbeisser and worked as a cattle dog, police dog, and war dog.",https://www.akc.org/dog-breeds/boxer/
Boxer,Developed in the late 1800s.,https://www.akc.org/dog-breeds/boxer/
Boxer,Flemish tapestries of the 16th and 17th centuries show Boxer ancestors in stag and boar hunts.,https://www.akc.org/dog-breeds/boxer/
Boxer,"Height 23-25 inches (male), 21.5-23.5 inches (female). Weight 65-80 pounds (male), females are about 15 pounds less than male.",https://www.akc.org/dog-breeds/boxer/
Boykin Spaniel,Built in South Carolina as a small hunting spaniel.,https://www.akc.org/dog-breeds/boykin-spaniel/
Boykin Spaniel,"Around 1900, Whit Boykin of Camden, South Carolina, took in a brown spaniel named Dumpy who proved to be an excellent hunter.",https://www.akc.org/dog-breeds/boykin-spaniel/
Boykin Spaniel,The breed is small enough that a hunter can lift both dog and duck into a boat at the same time.,https://www.akc.org/dog-breeds/boykin-spaniel/
Boykin Spaniel,"Height 15.5-18 inches (male), 14-16.5 inches (female). Weight 30-40 pounds (male), 25-35 pounds (female).",https://www.akc.org/dog-breeds/boykin-spaniel/
Bracco Italiano,Built in northern Italy as a pointing dog.,https://www.akc.org/dog-breeds/bracco-italiano/
Bracco Italiano,"The Bracco Italiano has been called the oldest European pointer, with a history back to the fourth or fifth century BC.",https://www.akc.org/dog-breeds/bracco-italiano/
Bracco Italiano,Height 21-27 inches. Weight 55-90 pounds.,https://www.akc.org/dog-breeds/bracco-italiano/
Briard,Briards were developed in the Brie region of France to herd sheep and guard the flock.,https://www.akc.org/dog-breeds/briard/
Briard,"Height 23-27 inches (male), 22-25.5 inches (female). Weight 55-100 pounds.",https://www.akc.org/dog-breeds/briard/
Brittany,"Brittanys were developed in Brittany, France, as gundogs with a nose for birds.",https://www.akc.org/dog-breeds/brittany/
Brittany,"The first Brittany standard was outlined in 1907, and the breed was introduced to the United States in 1931.",https://www.akc.org/dog-breeds/brittany/
Brittany,American-style Brittanys are considered more pointers than spaniels.,https://www.akc.org/dog-breeds/brittany/
Brittany,Height 17.5-20.5 inches. Weight 30-40 pounds.,https://www.akc.org/dog-breeds/brittany/
Brussels Griffon,Brussels Griffons were developed to catch rats in the stables of horse-drawn cabs.,https://www.akc.org/dog-breeds/brussels-griffon/
Brussels Griffon,Height 7-10 inches. Weight 8-10 pounds.,https://www.akc.org/dog-breeds/brussels-griffon/
Bull Terrier,James Hinks developed the modern Bull Terrier in the early 1860s from the Bull-and-Terrier.,https://www.akc.org/dog-breeds/bull-terrier/
Bull Terrier,Height 21-22 inches. Weight 50-70 pounds.,https://www.akc.org/dog-breeds/bull-terrier/
Bulldog,Bulldogs were created in England for the sport of bullbaiting.,https://www.akc.org/dog-breeds/bulldog/
Bulldog,"In 1835, England banned blood sports, a turning point for the breed.",https://www.akc.org/dog-breeds/bulldog/
Bulldog,"Height 14-15 inches. Weight 50 pounds (male), 40 pounds (female).",https://www.akc.org/dog-breeds/bulldog/
Bullmastiff,Built in England as the gamekeeper's night dog to catch poachers.,https://www.akc.org/dog-breeds/bullmastiff/
Bullmastiff,In the 1800s the breed was developed by combining the Mastiff and the Bulldog.,https://www.akc.org/dog-breeds/bullmastiff/
Bullmastiff,"Height 25-27 inches (male), 24-26 inches (female). Weight 110-130 pounds (male), 100-120 pounds (female).",https://www.akc.org/dog-breeds/bullmastiff/
Cairn Terrier,Developed by Scottish farmers to dig into cairns and drive out the animals living in them.,https://www.akc.org/dog-breeds/cairn-terrier/
Cairn Terrier,"Farms that kept several Cairns were free of rats, mice, moles, and other burrowing animals.",https://www.akc.org/dog-breeds/cairn-terrier/
Cairn Terrier,"Height 10 inches (male), 9.5 inches (female). Weight 14 pounds (male), 13 pounds (female).",https://www.akc.org/dog-breeds/cairn-terrier/
Canaan Dog,The Canaan Dog herded flocks for the ancient Israelites.,https://www.akc.org/dog-breeds/canaan-dog/
Canaan Dog,"When the Romans drove the Israelites from the Holy Land in a.d. 70, their herding dogs took refuge in the Negev Desert.",https://www.akc.org/dog-breeds/canaan-dog/
Canaan Dog,"Height 20-24 inches (male), 19-23 inches (female). Weight 45-55 pounds (male), 35-45 pounds (female).",https://www.akc.org/dog-breeds/canaan-dog/
Cane Corso,"Built in Italy as a boar hunter, farm dog, and guardian, and the name roughly means bodyguard dog.",https://www.akc.org/dog-breeds/cane-corso/
Cane Corso,"The mollosus dogs are named for the Molossi, an ancient Greek tribe thought to have bred big guardian dogs.",https://www.akc.org/dog-breeds/cane-corso/
Cane Corso,"Height 25-27.5 inches (male), 23.5-26 inches (female). Weight Proportionate to height.",https://www.akc.org/dog-breeds/cane-corso/
Cardigan Welsh Corgi,"Built to heel livestock, moving cattle by nipping at their heels.",https://www.akc.org/dog-breeds/cardigan-welsh-corgi/
Cardigan Welsh Corgi,The two corgis were treated as one breed in Britain until 1934.,https://www.akc.org/dog-breeds/cardigan-welsh-corgi/
Cardigan Welsh Corgi,"Height 10.5-12.5 inches. Weight 30-38 pounds (male), 25-34 pounds (female).",https://www.akc.org/dog-breeds/cardigan-welsh-corgi/
Cavalier King Charles Spaniel,Built as a toy spaniel and close companion.,https://www.akc.org/dog-breeds/cavalier-king-charles-spaniel/
Cavalier King Charles Spaniel,Height 12-13 inches. Weight 13-18 pounds.,https://www.akc.org/dog-breeds/cavalier-king-charles-spaniel/
Cesky Terrier,Built to hunt rats like a terrier and to work in packs like a hound.,https://www.akc.org/dog-breeds/cesky-terrier/
Cesky Terrier,Height 10-13 inches. Weight 14-24 pounds.,https://www.akc.org/dog-breeds/cesky-terrier/
Chesapeake Bay Retriever,"Built to retrieve waterfowl from the cold, rough waters of the Chesapeake Bay.",https://www.akc.org/dog-breeds/chesapeake-bay-retriever/
Chesapeake Bay Retriever,Owners of duck clubs on both shores of the bay set the breed's basic type in the 19th century.,https://www.akc.org/dog-breeds/chesapeake-bay-retriever/
Chesapeake Bay Retriever,The Chesapeake Bay holds a third of the migratory waterfowl that winter in the East.,https://www.akc.org/dog-breeds/chesapeake-bay-retriever/
Chesapeake Bay Retriever,"Height 23-26 inches (male), 21-24 inches (female). Weight 65-80 pounds (male), 55-70 pounds (female).",https://www.akc.org/dog-breeds/chesapeake-bay-retriever/
Chihuahua,Kept as a close companion.,https://www.akc.org/dog-breeds/chihuahua/
Chihuahua,Height 5-8 inches. Weight not exceeding 6 pounds.,https://www.akc.org/dog-breeds/chihuahua/
Chinese Crested,Kept aboard ships to catch rats.,https://www.akc.org/dog-breeds/chinese-crested/
Chinese Crested,The dogs became known as shipboard rat catchers and were traded among sailors in seaports.,https://www.akc.org/dog-breeds/chinese-crested/
Chinese Crested,Height 11-13 inches. Weight 8-12 pounds.,https://www.akc.org/dog-breeds/chinese-crested/
Chinese Shar-Pei,"Used in China to hunt, herd, and guard.",https://www.akc.org/dog-breeds/chinese-shar-pei/
Chinese Shar-Pei,Height 18-20 inches. Weight 45-60 pounds.,https://www.akc.org/dog-breeds/chinese-shar-pei/
Chinook,Built as a sled dog to haul freight.,https://www.akc.org/dog-breeds/chinook/
Chinook,In 1927 Arthur Walden and 16 male Chinooks went with Admiral Richard Byrd on his first expedition to Antarctica.,https://www.akc.org/dog-breeds/chinook/
Chinook,"Height 24-26 inches (male), 22-24 inches (female). Weight 55-90 pounds (male), 50-65 pounds (female).",https://www.akc.org/dog-breeds/chinook/
Chow Chow,"Used in China as a hunter, herder, hauler, and guardian.",https://www.akc.org/dog-breeds/chow-chow/
Chow Chow,A Han Dynasty bas-relief places the Chow as a hunting dog in China in that period.,https://www.akc.org/dog-breeds/chow-chow/
Chow Chow,Height 17-20 inches. Weight 45-70 pounds.,https://www.akc.org/dog-breeds/chow-chow/
Cirneco dell'Etna,The Cirneco was developed to hunt wild rabbits on the rocky slopes of Mount Etna.,https://www.akc.org/dog-breeds/cirneco-delletna/
Cirneco dell'Etna,"The breed was selected over centuries as a specialist for hunting wild rabbit, mainly by scent.",https://www.akc.org/dog-breeds/cirneco-delletna/
Cirneco dell'Etna,"Height 18-20 inches (male), 17-19 inches (female). Weight 20-28 pounds (male), 19-25 pounds (female).",https://www.akc.org/dog-breeds/cirneco-delletna/
Clumber Spaniel,Built as a hunting spaniel for heavy cover.,https://www.akc.org/dog-breeds/clumber-spaniel/
Clumber Spaniel,"A reliable record of the breed picks up in the late 1700s at Nottingham, England.",https://www.akc.org/dog-breeds/clumber-spaniel/
Clumber Spaniel,"Height 18-20 inches (male), 17-19 inches (female). Weight 70-85 pounds (male), 55-70 pounds (female).",https://www.akc.org/dog-breeds/clumber-spaniel/
Cocker Spaniel,"Built to find game birds in dense cover, flush them, and bring the fallen bird back.",https://www.akc.org/dog-breeds/cocker-spaniel/
Cocker Spaniel,"Height 14.5-15.5 inches (male), 13.5-14.5 inches (female). Weight 25-30 pounds (male), 20-25 pounds (female).",https://www.akc.org/dog-breeds/cocker-spaniel/
Collie,"Built as a drover, guiding sheep and cattle to market in Scotland and northern England.",https://www.akc.org/dog-breeds/collie/
Collie,Collie herding work goes back hundreds of years.,https://www.akc.org/dog-breeds/collie/
Collie,"Height 24-26 inches (male), 22-24 inches (female). Weight 60-75 pounds (male), 50-65 pounds (female).",https://www.akc.org/dog-breeds/collie/
Coton de Tulear,Kept as a lapdog by nobles on Madagascar.,https://www.akc.org/dog-breeds/coton-de-tulear/
Coton de Tulear,"Height 10-11 inches (male), 9-10 inches (female). Weight 9-15 pounds (male), 8-13 pounds (female).",https://www.akc.org/dog-breeds/coton-de-tulear/
Curly-Coated Retriever,Built as a water dog to retrieve game for hunters using rifles.,https://www.akc.org/dog-breeds/curly-coated-retriever/
Curly-Coated Retriever,The breed was developed in the 1800s from crosses of older water dogs.,https://www.akc.org/dog-breeds/curly-coated-retriever/
Curly-Coated Retriever,"Retrievers came along only after wing shooting with rifles became practical, sometime in the late 1700s.",https://www.akc.org/dog-breeds/curly-coated-retriever/
Curly-Coated Retriever,"Height 25-27 inches (male), 23-25 inches (female). Weight 60-95 pounds.",https://www.akc.org/dog-breeds/curly-coated-retriever/
Dachshund,Built in Germany to dig into a badger's den and hunt the badger.,https://www.akc.org/dog-breeds/dachshund/
Dachshund,"Badger dogs go back to the 1400s, and the breed has been around since the 1600s.",https://www.akc.org/dog-breeds/dachshund/
Dachshund,"Height 8-9 inches (standard), 5-6 inches (miniature). Weight 16-32 pounds (standard), 11 pounds & under (miniature).",https://www.akc.org/dog-breeds/dachshund/
Dalmatian,Built to trot beside horse-drawn coaches and to watch the horses and rig when they were left alone.,https://www.akc.org/dog-breeds/dalmatian/
Dalmatian,"When horses pulled fire engines, Dalmatians began a long association with firefighters.",https://www.akc.org/dog-breeds/dalmatian/
Dalmatian,Height 19-24 inches. Weight 45-70 pounds.,https://www.akc.org/dog-breeds/dalmatian/
Dandie Dinmont Terrier,The Dandie Dinmont was a rough native terrier that took its name from a farmer in Sir Walter Scott's novel Guy Mannering.,https://www.akc.org/dog-breeds/dandie-dinmont-terrier/
Dandie Dinmont Terrier,The terrier that became the Dandie Dinmont first appears in written history about 1700.,https://www.akc.org/dog-breeds/dandie-dinmont-terrier/
Dandie Dinmont Terrier,Height 8-11 inches. Weight 18-24 pounds.,https://www.akc.org/dog-breeds/dandie-dinmont-terrier/
Danish-Swedish Farmdog,"An all-purpose farm dog, used as a ratter, herder, hunting dog, watchdog, and companion.",https://www.akc.org/dog-breeds/danish-swedish-farmdog/
Danish-Swedish Farmdog,The Danish and Swedish kennel clubs' effort to bring the breed back produced the first breed standard in 1987.,https://www.akc.org/dog-breeds/danish-swedish-farmdog/
Danish-Swedish Farmdog,"Everyday work included ratting, herding livestock, hunting, watching, and keeping the family company.",https://www.akc.org/dog-breeds/danish-swedish-farmdog/
Danish-Swedish Farmdog,Height 12.5-14.5 inches. Weight 15-20 pounds.,https://www.akc.org/dog-breeds/danish-swedish-farmdog/
Doberman Pinscher,Bred by the tax collector Louis Dobermann as a protection dog to go with him on his rounds.,https://www.akc.org/dog-breeds/doberman-pinscher/
Doberman Pinscher,"The breed began in Apolda, in Thueringen, Germany, around 1890.",https://www.akc.org/dog-breeds/doberman-pinscher/
Doberman Pinscher,"Height 26-28 inches (male), 24-26 inches (female). Weight 75-100 pounds (male), 60-90 pounds (female).",https://www.akc.org/dog-breeds/doberman-pinscher/
Doberman Pinscher,"American Temperament Test Society pass rate: 80.1% (1,870 dogs tested).",https://atts.org/breed-statistics/statistics-page4/
Dogo Argentino,Built in Argentina to hunt big game and to live as a family companion.,https://www.akc.org/dog-breeds/dogo-argentino/
Dogo Argentino,"The foundation dog was the Cordoba Fighting Dog, now extinct, crossed over 20 years with nine other breeds.",https://www.akc.org/dog-breeds/dogo-argentino/
Dogo Argentino,"Height 24-26.5 inches (male), 24-25.5 inches (female). Weight 80-100 pounds.",https://www.akc.org/dog-breeds/dogo-argentino/
Dogue de Bordeaux,"The Dogue de Bordeaux worked as a cattle drover, a draft dog, and a guardian.",https://www.akc.org/dog-breeds/dogue-de-bordeaux/
Dogue de Bordeaux,"Height 23.27 inches (male), 23-26 inches (female). Weight 110 pounds & up (male), 99 pounds & up (female).",https://www.akc.org/dog-breeds/dogue-de-bordeaux/
English Cocker Spaniel,Built as a smaller spaniel to hunt woodcock.,https://www.akc.org/dog-breeds/english-cocker-spaniel/
English Cocker Spaniel,Developed in the late 1800s.,https://www.akc.org/dog-breeds/english-cocker-spaniel/
English Cocker Spaniel,"Height 16-17 inches (male), 15-16 inches (female). Weight 28-34 pounds (male), 26-32 pounds (female).",https://www.akc.org/dog-breeds/english-cocker-spaniel/
English Foxhound,"Built to hunt fox in a pack, with mounted hunters following.",https://www.akc.org/dog-breeds/english-foxhound/
English Foxhound,"The traditional British foxhunt, with packs of hounds and mounted hunters, began in the 1600s.",https://www.akc.org/dog-breeds/english-foxhound/
English Foxhound,"Masters of hounds built the breed by crossing big stag-hunting hounds, for nose and endurance, with leggy coursing hounds, for speed and agility.",https://www.akc.org/dog-breeds/english-foxhound/
English Foxhound,Height 24 inches. Weight 60-75 pounds.,https://www.akc.org/dog-breeds/english-foxhound/
English Setter,"Bred on English country estates, from spaniels and pointers, to hunt birds.",https://www.akc.org/dog-breeds/english-setter/
English Setter,"More than 400 years ago, English Setters were already trained bird dogs in England.",https://www.akc.org/dog-breeds/english-setter/
English Setter,"Height 25-27 inches (male), 23-25 inches (female). Weight 65-80 pounds (male), 45-55 pounds (female).",https://www.akc.org/dog-breeds/english-setter/
English Springer Spaniel,"Built to find game birds, spring them from cover, and retrieve the bird.",https://www.akc.org/dog-breeds/english-springer-spaniel/
English Springer Spaniel,"After the hunting rifle arrived in the 17th century, Springers became gundogs.",https://www.akc.org/dog-breeds/english-springer-spaniel/
English Springer Spaniel,Springers first worked game birds alongside hunters who used nets and falcons.,https://www.akc.org/dog-breeds/english-springer-spaniel/
English Springer Spaniel,"Height 20 inches (male), 19 inches (female). Weight 50 pounds (male), 40 pounds (female).",https://www.akc.org/dog-breeds/english-springer-spaniel/
English Toy Spaniel,"Kept as a small companion, later bred into a smaller, flatter-faced toy spaniel.",https://www.akc.org/dog-breeds/english-toy-spaniel/
English Toy Spaniel,Height 9-10 inches. Weight 8-14 pounds.,https://www.akc.org/dog-breeds/english-toy-spaniel/
Entlebucher Mountain Dog,Built to drive cattle up to high mountain pastures for the summer and bring them back to the valley for winter.,https://www.akc.org/dog-breeds/entlebucher-mountain-dog/
Entlebucher Mountain Dog,"On the path, the dog's herding job was to keep the cows together while crossing rocky, uneven Alpine ground.",https://www.akc.org/dog-breeds/entlebucher-mountain-dog/
Entlebucher Mountain Dog,"Height 17.5-20.5 inches (male), 16.5-19.5 inches (female). Weight 50-65 pounds (male), 40-55 pounds (female).",https://www.akc.org/dog-breeds/entlebucher-mountain-dog/
Field Spaniel,Built as a hunting spaniel to flush game birds.,https://www.akc.org/dog-breeds/field-spaniel/
Field Spaniel,"In the late 1960s, fanciers rebuilt the Field Spaniel along its original working lines.",https://www.akc.org/dog-breeds/field-spaniel/
Field Spaniel,"In the early 1800s, Field Spaniels were able, dependable hunting dogs.",https://www.akc.org/dog-breeds/field-spaniel/
Field Spaniel,"Height 18 inches (male), 17 inches (female). Weight 35-50 pounds.",https://www.akc.org/dog-breeds/field-spaniel/
Finnish Lapphund,"Developed by the Sami people, first to hunt reindeer and later to herd them.",https://www.akc.org/dog-breeds/finnish-lapphund/
Finnish Lapphund,"Height 18-21 inches (male), 16-19 inches (female). Weight 33-53 pounds.",https://www.akc.org/dog-breeds/finnish-lapphund/
Finnish Spitz,Built as an all-purpose hunter that finds treed birds and holds them with its bark until a person arrives.,https://www.akc.org/dog-breeds/finnish-spitz/
Finnish Spitz,"Height 17.5-20 inches (male), 15.5-18 inches (female). Weight 25-33 pounds (male), 20-28 pounds (female).",https://www.akc.org/dog-breeds/finnish-spitz/
Flat-Coated Retriever,Built to mark fallen waterfowl and swim out to bring the bird back.,https://www.akc.org/dog-breeds/flat-coated-retriever/
Flat-Coated Retriever,H. R. Cooke kept the breed for more than 70 years at his Riverside kennel.,https://www.akc.org/dog-breeds/flat-coated-retriever/
Flat-Coated Retriever,"Height 23-24.5 inches (male), 22-23.5 inches (female). Weight 60-70 pounds.",https://www.akc.org/dog-breeds/flat-coated-retriever/
French Bulldog,Bred down from the Bulldog by lacemakers in Nottingham to keep as a lapdog.,https://www.akc.org/dog-breeds/french-bulldog/
French Bulldog,Height 11-13 inches. Weight under 28 pounds.,https://www.akc.org/dog-breeds/french-bulldog/
German Pinscher,"The German Pinscher originally made its living as a ratter, seizing and nipping vermin.",https://www.akc.org/dog-breeds/german-pinscher/
German Pinscher,Height 17-20 inches. Weight 25-45 pounds.,https://www.akc.org/dog-breeds/german-pinscher/
German Shepherd Dog,Built in Germany from older herding and farm dogs.,https://www.akc.org/dog-breeds/german-shepherd-dog/
German Shepherd Dog,"Captain Max von Stephanitz, a German cavalry officer, developed the breed in the late 19th century.",https://www.akc.org/dog-breeds/german-shepherd-dog/
German Shepherd Dog,"Height 24-26 inches (male), 22-24 inches (female). Weight 65-90 pounds (male), 50-70 pounds (female).",https://www.akc.org/dog-breeds/german-shepherd-dog/
German Shepherd Dog,"American Temperament Test Society pass rate: 85.7% (3,500 dogs tested).",https://atts.org/breed-statistics/statistics-page4/
German Shorthaired Pointer,Built as an all-purpose gundog that could hunt on land and in water.,https://www.akc.org/dog-breeds/german-shorthaired-pointer/
German Shorthaired Pointer,German hunters crossed various breeds for generations and had the breed by the 1800s.,https://www.akc.org/dog-breeds/german-shorthaired-pointer/
German Shorthaired Pointer,The breed is used to hunt many kinds of game.,https://www.akc.org/dog-breeds/german-shorthaired-pointer/
German Shorthaired Pointer,"Height 23-25 inches (male), 21-23 inches (female). Weight 55-70 pounds (male), 45-60 pounds (female).",https://www.akc.org/dog-breeds/german-shorthaired-pointer/
German Wirehaired Pointer,Built as an all-purpose gundog for both land and water.,https://www.akc.org/dog-breeds/german-wirehaired-pointer/
German Wirehaired Pointer,"Early wirehaired pointers combined the Griffon, Stichelhaar, Pudelpointer, and German Shorthair.",https://www.akc.org/dog-breeds/german-wirehaired-pointer/
German Wirehaired Pointer,"Height 24-26 inches (male), minimum 22 inches (female). Weight 50-70 pounds.",https://www.akc.org/dog-breeds/german-wirehaired-pointer/
Giant Schnauzer,"Built to drive cattle from farm to market and to guard farms, shops, and inns.",https://www.akc.org/dog-breeds/giant-schnauzer/
Giant Schnauzer,Development of the breed took place in the Bavarian Alps in the middle of the 1800s.,https://www.akc.org/dog-breeds/giant-schnauzer/
Giant Schnauzer,"The breed also guarded for farmers, merchants, and innkeepers.",https://www.akc.org/dog-breeds/giant-schnauzer/
Giant Schnauzer,"Height 25.5-27.5 inches (male), 23.5-25.5 inches (female). Weight 75-95 pounds (male), 55-80 pounds (female).",https://www.akc.org/dog-breeds/giant-schnauzer/
Glen of Imaal Terrier,Built to hunt badgers and to do odd jobs around the farm.,https://www.akc.org/dog-breeds/glen-of-imaal-terrier/
Glen of Imaal Terrier,Height 12.5-14 inches. Weight 32-40 pounds.,https://www.akc.org/dog-breeds/glen-of-imaal-terrier/
Golden Retriever,Built in the Scottish Highlands as a hunting dog for rainy weather and rugged ground.,https://www.akc.org/dog-breeds/golden-retriever/
Golden Retriever,"Goldens were first shown in England at the Crystal Palace show in 1908, listed as Flat Coats (Golden).",https://www.akc.org/dog-breeds/golden-retriever/
Golden Retriever,"Lord Tweedmouth crossed a Yellow Retriever with the Tweed Water Spaniel, a breed that is now extinct.",https://www.akc.org/dog-breeds/golden-retriever/
Golden Retriever,"Height 23-24 inches (male), 21.5-22.5 inches (female). Weight 65-75 pounds (male), 55-65 pounds (female).",https://www.akc.org/dog-breeds/golden-retriever/
Golden Retriever,American Temperament Test Society pass rate: 85.9% (836 dogs tested).,https://atts.org/breed-statistics/statistics-page4/
Gordon Setter,Built in Scotland as a large bird dog for hard country.,https://www.akc.org/dog-breeds/gordon-setter/
Gordon Setter,"By the early 1800s the kennel of Alexander, Fourth Duke of Gordon, was producing setters recognizable as the breed that bears his name.",https://www.akc.org/dog-breeds/gordon-setter/
Gordon Setter,"Height 24-27 inches (male), 23-26 inches (female). Weight 55-80 pounds (male), 45-70 pounds (female).",https://www.akc.org/dog-breeds/gordon-setter/
Grand Basset Griffon Vendéen,"Built as a hound for dense, thorny, rocky country, at a pace hunters on foot could follow.",https://www.akc.org/dog-breeds/grand-basset-griffon-vendeen/
Grand Basset Griffon Vendéen,Griffon Vendéen hounds developed over more than 400 years into the coated French hounds known today.,https://www.akc.org/dog-breeds/grand-basset-griffon-vendeen/
Grand Basset Griffon Vendéen,Height 15.5-18 inches. Weight 40-45 pounds.,https://www.akc.org/dog-breeds/grand-basset-griffon-vendeen/
Great Dane,"Used by German nobles to hunt wild boar, and later to protect the home.",https://www.akc.org/dog-breeds/great-dane/
Great Dane,"Height 30-32 inches (male), 28-30 inches (female). Weight 140-175 pounds (male), 110-140 pounds (female).",https://www.akc.org/dog-breeds/great-dane/
Great Pyrenees,"Built to watch flocks in the Pyrenees Mountains and to deter wolves, bears, and livestock rustlers.",https://www.akc.org/dog-breeds/great-pyrenees/
Great Pyrenees,The Pyrenees was taken up as a French court dog in the 17th century.,https://www.akc.org/dog-breeds/great-pyrenees/
Great Pyrenees,"The breed was bred to work with shepherds and herding dogs in the Pyrenees, the mountains between France and Spain.",https://www.akc.org/dog-breeds/great-pyrenees/
Great Pyrenees,"Height 27-32 inches (male), 25-29 inches (female). Weight 100 pounds & up (male), 85 pounds & up (female).",https://www.akc.org/dog-breeds/great-pyrenees/
Greater Swiss Mountain Dog,"Built as a farm and draft dog, hauling meat and dairy to market in dogcarts.",https://www.akc.org/dog-breeds/greater-swiss-mountain-dog/
Greater Swiss Mountain Dog,"Height 25.5-28.5 inches (male), 23.7-27 inches (female). Weight 115-140 pounds (male), 85-110 pounds (female).",https://www.akc.org/dog-breeds/greater-swiss-mountain-dog/
Greyhound,"Built in Egypt to find, chase, and catch fast desert wildlife.",https://www.akc.org/dog-breeds/greyhound/
Greyhound,"Height 28-30 inches (male), 27-28 inches (female). Weight 65-70 pounds (male), 60-65 pounds (female).",https://www.akc.org/dog-breeds/greyhound/
Harrier,Built to hunt hare in packs.,https://www.akc.org/dog-breeds/harrier/
Harrier,Height 19-21 inches. Weight 45-60 pounds.,https://www.akc.org/dog-breeds/harrier/
Havanese,Kept as a companion dog by the aristocrats and merchants of Havana.,https://www.akc.org/dog-breeds/havanese/
Havanese,Brought to Cuba in the 1600s.,https://www.akc.org/dog-breeds/havanese/
Havanese,Height 8.5-11.5 inches. Weight 7-13 pounds.,https://www.akc.org/dog-breeds/havanese/
Ibizan Hound,Used in packs to hunt rabbits on the island of Ibiza.,https://www.akc.org/dog-breeds/ibizan-hound/
Ibizan Hound,"Height 23.5-27.5 inches (male), 22.5-26 inches (female). Weight 50 pounds (male), 45 pounds (female).",https://www.akc.org/dog-breeds/ibizan-hound/
Icelandic Sheepdog,Built to herd sheep and round up ponies.,https://www.akc.org/dog-breeds/icelandic-sheepdog/
Icelandic Sheepdog,"Height 18 inches (male), 16.5 inches (female). Weight 30 pounds (male), 25 pounds (female).",https://www.akc.org/dog-breeds/icelandic-sheepdog/
Irish Red and White Setter,Built to creep close to game birds and hold a set so a hunter could net them.,https://www.akc.org/dog-breeds/irish-red-and-white-setter/
Irish Red and White Setter,"Before the all-red Irish Setter, the red and white dog was a fixture of Ireland's hills and bogs since at least the 1600s.",https://www.akc.org/dog-breeds/irish-red-and-white-setter/
Irish Red and White Setter,"When nets gave way to firearms, setter lines adapted the crouching style of hunting.",https://www.akc.org/dog-breeds/irish-red-and-white-setter/
Irish Red and White Setter,"Height 24.5-26 inches (male), 22.5-24 inches (female). Weight 42-60 pounds (male), 35-50 pounds (female).",https://www.akc.org/dog-breeds/irish-red-and-white-setter/
Irish Setter,Built to find game birds by scent and set on its belly for the hunter.,https://www.akc.org/dog-breeds/irish-setter/
Irish Setter,Solid red Irish Setters first appeared in Ireland in the 19th century.,https://www.akc.org/dog-breeds/irish-setter/
Irish Setter,"Before guns, setters worked with trained falcons and with hunters who used nets.",https://www.akc.org/dog-breeds/irish-setter/
Irish Setter,"Height 27 inches (male), 25 inches (female). Weight 70 pounds (male), 60 pounds (female).",https://www.akc.org/dog-breeds/irish-setter/
Irish Terrier,"Built as an all-purpose farm dog, to catch rats and also to watch, guard, and hunt.",https://www.akc.org/dog-breeds/irish-terrier/
Irish Terrier,"Irish Terriers also worked as watchdogs, flock and family guardians, and hunting companions on land and lake.",https://www.akc.org/dog-breeds/irish-terrier/
Irish Terrier,"Height 18 inches. Weight 27 pounds (male), 25 pounds (female).",https://www.akc.org/dog-breeds/irish-terrier/
Irish Water Spaniel,Built to retrieve waterfowl from the waterways of southern Ireland.,https://www.akc.org/dog-breeds/irish-water-spaniel/
Irish Water Spaniel,"In the 1830s, sportsman Justin McCarthy set the breed's type with his dog Boatswain.",https://www.akc.org/dog-breeds/irish-water-spaniel/
Irish Water Spaniel,Curly-coated Irish water dogs appear in Renaissance writings.,https://www.akc.org/dog-breeds/irish-water-spaniel/
Irish Water Spaniel,"Height 22-24 inches (male), 21-23 inches (female). Weight 55-68 pounds (male), 45-58 pounds (female).",https://www.akc.org/dog-breeds/irish-water-spaniel/
Irish Wolfhound,Built to hunt big game and later to hunt the wolves of Ireland.,https://www.akc.org/dog-breeds/irish-wolfhound/
Irish Wolfhound,Developed in the 15th century.,https://www.akc.org/dog-breeds/irish-wolfhound/
Irish Wolfhound,"By the late 1700s the wolves of Ireland had been hunted out, and the dogs nearly disappeared with the job.",https://www.akc.org/dog-breeds/irish-wolfhound/
Irish Wolfhound,"Height 32 inches minimum (male), 30 inches minimum (female). Weight 120 pounds (male), 105 pounds (female).",https://www.akc.org/dog-breeds/irish-wolfhound/
Italian Greyhound,Built as a small companion.,https://www.akc.org/dog-breeds/italian-greyhound/
Italian Greyhound,Height 13-15 inches. Weight 7-14 pounds.,https://www.akc.org/dog-breeds/italian-greyhound/
Japanese Chin,Built as a companion cultivated by Japanese nobles.,https://www.akc.org/dog-breeds/japanese-chin/
Japanese Chin,"The Chin was unknown in the West until 1854, when Japan reopened for trade after 200 years of isolation.",https://www.akc.org/dog-breeds/japanese-chin/
Japanese Chin,Height 8-11 inches. Weight 7-11 pounds.,https://www.akc.org/dog-breeds/japanese-chin/
Keeshond,Built as a guard and companion on Dutch barges.,https://www.akc.org/dog-breeds/keeshond/
Keeshond,In the 18th century the breed was a symbol of the Dutch Patriots Party in its opposition to the House of Orange.,https://www.akc.org/dog-breeds/keeshond/
Keeshond,"Height 18 inches (male), 17 inches (female). Weight 35-45 pounds.",https://www.akc.org/dog-breeds/keeshond/
Kerry Blue Terrier,Built as an all-around farm dog.,https://www.akc.org/dog-breeds/kerry-blue-terrier/
Kerry Blue Terrier,"Height 18-19.5 inches (male), 17.5-19 inches (female). Weight 33-40 pounds (male), females weigh proportionately less than males.",https://www.akc.org/dog-breeds/kerry-blue-terrier/
Komondor,Built to guard sheep at pasture and drive off wolves and other predators.,https://www.akc.org/dog-breeds/komondor/
Komondor,The breed is one of three working dogs native for ten centuries to Hungary's sheep and cattle country.,https://www.akc.org/dog-breeds/komondor/
Komondor,"Height 27.5 minimum inches (male), 25.5 minimum inches (female). Weight 100 pounds or more (male), 80 pounds or more (female).",https://www.akc.org/dog-breeds/komondor/
Kuvasz,"Built to guard livestock, watching the flock and facing wolves or rustlers.",https://www.akc.org/dog-breeds/kuvasz/
Kuvasz,King Matthais I is said to have trusted his Kuvs more than his palace guards.,https://www.akc.org/dog-breeds/kuvasz/
Kuvasz,"Height 28-30 inches (male), 26-28 inches (female). Weight 100-115 pounds (male), 70-90 pounds (female).",https://www.akc.org/dog-breeds/kuvasz/
Labrador Retriever,Built as a water dog to retrieve ducks and help fishermen.,https://www.akc.org/dog-breeds/labrador-retriever/
Labrador Retriever,"In the early 19th century, Lord Malmsbury bought several Labradors in Canada and brought them to Britain because of their retrieving instinct.",https://www.akc.org/dog-breeds/labrador-retriever/
Labrador Retriever,"Despite the name, the Labrador Retriever comes from Newfoundland, not from Labrador.",https://www.akc.org/dog-breeds/labrador-retriever/
Labrador Retriever,"Height 22.5-24.5 inches (male), 21.5-23.5 inches (female). Weight 65-80 pounds (male), 55-70 pounds (female).",https://www.akc.org/dog-breeds/labrador-retriever/
Lagotto Romagnolo,"Built to retrieve waterfowl in the marshes, and later to find truffles by scent.",https://www.akc.org/dog-breeds/lagotto-romagnolo/
Lagotto Romagnolo,The name is tied to water: Lago is Italian for lake.,https://www.akc.org/dog-breeds/lagotto-romagnolo/
Lagotto Romagnolo,"Height 17-19 inches (male), 16-18 inches (female). Weight 28.5-35 pounds (male), 24-31 pounds (female).",https://www.akc.org/dog-breeds/lagotto-romagnolo/
Lakeland Terrier,Built to work in small packs and clear foxes from sheep farms in the Lake District.,https://www.akc.org/dog-breeds/lakeland-terrier/
Lakeland Terrier,"Height 14.5-15 inches (male), slightly smaller (female). Weight 17 pounds (male), slightly smaller (female).",https://www.akc.org/dog-breeds/lakeland-terrier/
Lancashire Heeler,"Built to herd cattle, catch rats, and help drive stock to market.",https://www.akc.org/dog-breeds/lancashire-heeler/
Lancashire Heeler,The breed was once a cattle herder and a ratter.,https://www.akc.org/dog-breeds/lancashire-heeler/
Lancashire Heeler,Height 10-12 inches. Weight 9-17 pounds.,https://www.akc.org/dog-breeds/lancashire-heeler/
Leonberger,Built as a large companion dog.,https://www.akc.org/dog-breeds/leonberger/
Leonberger,"Height 28-31.5 inches (male), 25.5-29.5 inches (female). Weight 110-170 pounds (male), 90-140 pounds (female).",https://www.akc.org/dog-breeds/leonberger/
Lhasa Apso,Built as a sentinel for palaces and Buddhist monasteries in the Himalayas.,https://www.akc.org/dog-breeds/lhasa-apso/
Lhasa Apso,"In the late 1940s, dogs bred and given by the Fourteenth Dalai Lama helped establish the breed in America.",https://www.akc.org/dog-breeds/lhasa-apso/
Lhasa Apso,"Height 10-11 inches (male), slightly smaller (female). Weight 12-18 pounds.",https://www.akc.org/dog-breeds/lhasa-apso/
Löwchen,Built as a companion for noble households.,https://www.akc.org/dog-breeds/lowchen/
Löwchen,Height 12-14 inches. Weight 15 pounds.,https://www.akc.org/dog-breeds/lowchen/
Maltese,Built as a small lapdog traded from Malta around the ancient world.,https://www.akc.org/dog-breeds/maltese/
Maltese,Height 7-9 inches. Weight under 7 pounds.,https://www.akc.org/dog-breeds/maltese/
Manchester Terrier (Standard),The Manchester Terrier was developed to hunt rabbits and to catch rats.,https://www.akc.org/dog-breeds/manchester-terrier-standard/
Manchester Terrier (Standard),"Until 1959 the Standard and the Toy were registered as separate breeds, though interbreeding was permitted.",https://www.akc.org/dog-breeds/manchester-terrier-standard/
Manchester Terrier (Standard),Breeders crossed a ratter called the Black and Tan Terrier with Whippets and got a distinct Manchester type.,https://www.akc.org/dog-breeds/manchester-terrier-standard/
Manchester Terrier (Standard),Height 15-16 inches. Weight 12-22 pounds.,https://www.akc.org/dog-breeds/manchester-terrier-standard/
Manchester Terrier (Toy),The Manchester Terrier (Toy) comes from a Manchester type developed to hunt rabbits and catch rats.,https://www.akc.org/dog-breeds/manchester-terrier-toy/
Manchester Terrier (Toy),"In the mid-1800s, local mill workers hunted rabbits with small hounds and set terriers on rats.",https://www.akc.org/dog-breeds/manchester-terrier-toy/
Manchester Terrier (Toy),Height 10-12 inches. Weight under 12 pounds.,https://www.akc.org/dog-breeds/manchester-terrier-toy/
Mastiff,"Built in medieval England as a large hunting dog, used on game such as lion and deer.",https://www.akc.org/dog-breeds/mastiff/
Mastiff,"In the Canterbury Tales, Chaucer calls Mastiffs Alaunts and says they were used to hunt the lion or the deer.",https://www.akc.org/dog-breeds/mastiff/
Mastiff,"Height 30 inches & up (male), 27.5 inches & up (female). Weight 160-230 pounds (male), 120-170 pounds (female).",https://www.akc.org/dog-breeds/mastiff/
Miniature American Shepherd,Built from small Australian Shepherds for people traveling with horses.,https://www.akc.org/dog-breeds/miniature-american-shepherd/
Miniature American Shepherd,"In the 1960s, small Australian Shepherds working the U.S. rodeo circuit were bred to make them still smaller.",https://www.akc.org/dog-breeds/miniature-american-shepherd/
Miniature American Shepherd,"Height 14-18 inches (male), 13-17 inches (female). Weight 20-40 pounds.",https://www.akc.org/dog-breeds/miniature-american-shepherd/
Miniature Bull Terrier,Built as a smaller dog for ratting above ground.,https://www.akc.org/dog-breeds/miniature-bull-terrier/
Miniature Bull Terrier,"In the 1830s, Bulldogs were crossed with English terriers that are now extinct.",https://www.akc.org/dog-breeds/miniature-bull-terrier/
Miniature Bull Terrier,Height 10-14 inches. Weight 18-28 pounds.,https://www.akc.org/dog-breeds/miniature-bull-terrier/
Miniature Pinscher,Built in Germany as a small companion and watchdog.,https://www.akc.org/dog-breeds/miniature-pinscher/
Miniature Pinscher,Height 10-12.5 inches. Weight 8-10 pounds.,https://www.akc.org/dog-breeds/miniature-pinscher/
Miniature Schnauzer,Built to catch rats and other vermin around the farm.,https://www.akc.org/dog-breeds/miniature-schnauzer/
Miniature Schnauzer,The Standard Schnauzer is described as an all-around farm dog with a lineage going back to at least the 15th century.,https://www.akc.org/dog-breeds/miniature-schnauzer/
Miniature Schnauzer,Old-time German farmers bred the Standard Schnauzer down to miniature size.,https://www.akc.org/dog-breeds/miniature-schnauzer/
Miniature Schnauzer,Height 12-14 inches. Weight 11-20 pounds.,https://www.akc.org/dog-breeds/miniature-schnauzer/
Mixed breed,A mixed-breed dog was not built for one kennel-club job.,https://doi.org/10.1126/science.abk0639
Mudi,Built as a small Hungarian sheepdog.,https://www.akc.org/dog-breeds/mudi/
Mudi,"Around 1930, Dr. Deszö Fényesi was among the first to breed the Mudi on its own.",https://www.akc.org/dog-breeds/mudi/
Mudi,Height 15-18.5 inches. Weight 18-29 pounds.,https://www.akc.org/dog-breeds/mudi/
Neapolitan Mastiff,"Built as a guardian, and in the Roman Empire also worked as a war dog and gladiator.",https://www.akc.org/dog-breeds/neapolitan-mastiff/
Neapolitan Mastiff,"Height 26-31 inches (male), 24-29 inches (female). Weight 150 pounds (male), 110 pounds (female).",https://www.akc.org/dog-breeds/neapolitan-mastiff/
Nederlandse Kooikerhondje,Built to lure ducks into gun range by playing along the shore.,https://www.akc.org/dog-breeds/nederlandse-kooikerhondje/
Nederlandse Kooikerhondje,"By the 1940s the breed was nearly extinct, and Baroness Van Hardenbroek van Ammerstol helped bring it back.",https://www.akc.org/dog-breeds/nederlandse-kooikerhondje/
Nederlandse Kooikerhondje,The Kooikerhondje is believed to be an ancestor of the Nova Scotia Duck Tolling Retriever.,https://www.akc.org/dog-breeds/nederlandse-kooikerhondje/
Nederlandse Kooikerhondje,"Height Dogs 16"", Females 15"". Weight 20 - 30 lbs.",https://www.akc.org/dog-breeds/nederlandse-kooikerhondje/
Newfoundland,"Built as a shipboard dog to rescue people from the water, haul nets, and carry the catch.",https://www.akc.org/dog-breeds/newfoundland/
Newfoundland,The breed also earned its keep by hauling fishing nets ashore and carting the day's catch to market.,https://www.akc.org/dog-breeds/newfoundland/
Newfoundland,"Height 28 inches (average male), 26 inches (average female). Weight 130-150 pounds (male), 100-120 pounds (female).",https://www.akc.org/dog-breeds/newfoundland/
Norfolk Terrier,Built to catch rats and to bolt foxes.,https://www.akc.org/dog-breeds/norfolk-terrier/
Norfolk Terrier,"Frank Jones, known as Roughrider, an English horseman of the early 20th century, developed little red terriers as ratters and fox bolters.",https://www.akc.org/dog-breeds/norfolk-terrier/
Norfolk Terrier,The Norfolk was bred to go to ground after vermin and to catch a fox.,https://www.akc.org/dog-breeds/norfolk-terrier/
Norfolk Terrier,Height 9-10 inches. Weight 11-12 pounds.,https://www.akc.org/dog-breeds/norfolk-terrier/
Norwegian Buhund,Built as a farm dog to herd and to guard the flock and the family.,https://www.akc.org/dog-breeds/norwegian-buhund/
Norwegian Buhund,The breed is also known as the Norsk Buhund and the Norwegian Sheepdog.,https://www.akc.org/dog-breeds/norwegian-buhund/
Norwegian Buhund,"Height 17-18.5 inches (male), 16-17.5 inches (female). Weight 31-40 pounds (male), 26-35 pounds (female).",https://www.akc.org/dog-breeds/norwegian-buhund/
Norwegian Elkhound,"Built to hunt large animals such as moose, wolves, and bear, and to haul supplies by sled.",https://www.akc.org/dog-breeds/norwegian-elkhound/
Norwegian Elkhound,"Height 20.5 inches (male), 19.5 inches (female). Weight 55 pounds (male), 48 pounds (female).",https://www.akc.org/dog-breeds/norwegian-elkhound/
Norwegian Lundehund,Built to climb cliffs and take puffins from narrow crevices.,https://www.akc.org/dog-breeds/norwegian-lundehund/
Norwegian Lundehund,"Height 13-15 inches (male), 12-14 inches (female). Weight 15-18 lbs (male), 12-15 lbs (female).",https://www.akc.org/dog-breeds/norwegian-lundehund/
Norwich Terrier,Built to control rodents and to work in packs on foxhunts.,https://www.akc.org/dog-breeds/norwich-terrier/
Norwich Terrier,"The breed was tied to Cambridge University, where owning a Norwich was an undergraduate fad in the late 1800s.",https://www.akc.org/dog-breeds/norwich-terrier/
Norwich Terrier,Height 10 inches. Weight 12 pounds.,https://www.akc.org/dog-breeds/norwich-terrier/
Nova Scotia Duck Tolling Retriever,"Built to lure ducks close by playing along the shore, then retrieve them.",https://www.akc.org/dog-breeds/nova-scotia-duck-tolling-retriever/
Nova Scotia Duck Tolling Retriever,"Nineteenth-century sportsmen bred the Nova Scotia Duck Tolling Retriever in the Little River district of Yarmouth, Nova Scotia.",https://www.akc.org/dog-breeds/nova-scotia-duck-tolling-retriever/
Nova Scotia Duck Tolling Retriever,"Height 18-21 inches (male), 17-20 inches (female). Weight 35-50 pounds.",https://www.akc.org/dog-breeds/nova-scotia-duck-tolling-retriever/
Old English Sheepdog,Built as a drover to move cattle and sheep from pasture to market.,https://www.akc.org/dog-breeds/old-english-sheepdog/
Old English Sheepdog,Developed in the 18th century.,https://www.akc.org/dog-breeds/old-english-sheepdog/
Old English Sheepdog,"Height 22 inches & up (male), 21 inches & up (female). Weight 60-100 pounds.",https://www.akc.org/dog-breeds/old-english-sheepdog/
Otterhound,Built to hunt otters in packs and protect fish in rivers and ponds.,https://www.akc.org/dog-breeds/otterhound/
Otterhound,"Otterhounds appeared in the United States in 1903, and the first shown in America were at Claremont, New Hampshire, in 1907.",https://www.akc.org/dog-breeds/otterhound/
Otterhound,The hounds were so effective that river otters nearly disappeared and hunting them was outlawed.,https://www.akc.org/dog-breeds/otterhound/
Otterhound,"Height 27 inches (male), 24 inches (female). Weight 115 pounds (male), 80 pounds (female).",https://www.akc.org/dog-breeds/otterhound/
Papillon,Built as a companion for noblewomen.,https://www.akc.org/dog-breeds/papillon/
Papillon,Height 8-11 inches. Weight 5-10 pounds.,https://www.akc.org/dog-breeds/papillon/
Parson Russell Terrier,Built to pursue foxes above and below ground alongside foxhounds.,https://www.akc.org/dog-breeds/parson-russell-terrier/
Parson Russell Terrier,Developed in the 1800s.,https://www.akc.org/dog-breeds/parson-russell-terrier/
Parson Russell Terrier,"The breed was named for the Reverend John Russell, called the Sporting Parson, whose passions were his ministry and his hunting dogs.",https://www.akc.org/dog-breeds/parson-russell-terrier/
Parson Russell Terrier,"Height 14 inches (male), 13 inches (female). Weight 13-17 pounds.",https://www.akc.org/dog-breeds/parson-russell-terrier/
Pekingese,Built as a companion for the royal families of ancient China.,https://www.akc.org/dog-breeds/pekingese/
Pekingese,Height 6-9 inches. Weight up to 14 pounds.,https://www.akc.org/dog-breeds/pekingese/
Pembroke Welsh Corgi,Built to herd cattle and sheep.,https://www.akc.org/dog-breeds/pembroke-welsh-corgi/
Pembroke Welsh Corgi,"Height 10-12 inches. Weight up to 30 pounds (male), up to 28 pounds (female).",https://www.akc.org/dog-breeds/pembroke-welsh-corgi/
Petit Basset Griffon Vendéen,Built to hunt game by scent in the rough country of coastal France.,https://www.akc.org/dog-breeds/petit-basset-griffon-vendeen/
Petit Basset Griffon Vendéen,The line is traced to the sixteenth century and to the larger Griffon Vendéen.,https://www.akc.org/dog-breeds/petit-basset-griffon-vendeen/
Petit Basset Griffon Vendéen,Height 13-15 inches. Weight 25-40 pounds.,https://www.akc.org/dog-breeds/petit-basset-griffon-vendeen/
Pharaoh Hound,Built in Malta to hunt rabbits.,https://www.akc.org/dog-breeds/pharaoh-hound/
Pharaoh Hound,In 1979 the Pharaoh Hound was named the national hound of Malta.,https://www.akc.org/dog-breeds/pharaoh-hound/
Pharaoh Hound,"Height 23-25 inches (male), 21-24 inches (female). Weight 45-55 pounds.",https://www.akc.org/dog-breeds/pharaoh-hound/
Plott Hound,Built in the mountains of North Carolina to hunt bear and other big game.,https://www.akc.org/dog-breeds/plott-hound/
Plott Hound,In 1750 the German immigrant Johannes Plott arrived in North Carolina with five Hanover hounds.,https://www.akc.org/dog-breeds/plott-hound/
Plott Hound,Plott settled in the mountains and hunted bears with his hounds.,https://www.akc.org/dog-breeds/plott-hound/
Plott Hound,"Height 20-25 inches (male), 20-23 inches (female). Weight 50-60 pounds (male), 40-55 pounds (female).",https://www.akc.org/dog-breeds/plott-hound/
Pointer,"Built to find game and point it, first for coursing hounds and later for wing-shooting.",https://www.akc.org/dog-breeds/pointer/
Pointer,"In the 1700s, with the rise of wing-shooting, the Pointer became a gundog for pointing and retrieving game birds.",https://www.akc.org/dog-breeds/pointer/
Pointer,"In the 17th century, Pointers were used together with Greyhounds.",https://www.akc.org/dog-breeds/pointer/
Pointer,"Height 25-28 inches (male), 23-26 inches (female). Weight 55-75 pounds (male), 45-65 pounds (female).",https://www.akc.org/dog-breeds/pointer/
Polish Lowland Sheepdog,Built as a flock dog by day and a guard dog by night.,https://www.akc.org/dog-breeds/polish-lowland-sheepdog/
Polish Lowland Sheepdog,"Height 18-20 inches (male), 17-19 inches (female). Weight 30-50 pounds.",https://www.akc.org/dog-breeds/polish-lowland-sheepdog/
Pomeranian,Built as a small companion from larger spitz-type sled dogs.,https://www.akc.org/dog-breeds/pomeranian/
Pomeranian,Height 6-7 inches. Weight 3-7 pounds.,https://www.akc.org/dog-breeds/pomeranian/
Poodle,Built in Germany as a retrieving water dog for duck hunting.,https://www.akc.org/dog-breeds/poodle-standard/
Poodle,Development of the breed goes back more than 400 years.,https://www.akc.org/dog-breeds/poodle-standard/
Poodle,"Height over 15 inches (standard). Weight 60-70 pounds (male standard), 40-50 pounds (female standard).",https://www.akc.org/dog-breeds/poodle-standard/
Portuguese Podengo Pequeno,"Built to hunt rabbits in rough country, alone or in small packs.",https://www.akc.org/dog-breeds/portuguese-podengo-pequeno/
Portuguese Podengo Pequeno,The breed has been called probably the world's smallest hunting dog.,https://www.akc.org/dog-breeds/portuguese-podengo-pequeno/
Portuguese Podengo Pequeno,Height 8-12 inches. Weight 9-13 pounds.,https://www.akc.org/dog-breeds/portuguese-podengo-pequeno/
Portuguese Water Dog,"Built to herd fish into nets, retrieve lost tackle, and carry messages between ship and shore.",https://www.akc.org/dog-breeds/portuguese-water-dog/
Portuguese Water Dog,The breed rode in trawlers from the Atlantic waters of Portugal to the cold waters off Iceland.,https://www.akc.org/dog-breeds/portuguese-water-dog/
Portuguese Water Dog,"Height 20-23 inches (male), 17-21 inches (female). Weight 42-60 pounds (male), 35-50 pounds (female).",https://www.akc.org/dog-breeds/portuguese-water-dog/
Pug,Built as a companion pet for the emperors of ancient China and their families.,https://www.akc.org/dog-breeds/pug/
Pug,Height 10-13 inches. Weight 14-18 pounds.,https://www.akc.org/dog-breeds/pug/
Puli,Built to herd large flocks of sheep on the Hungarian plains.,https://www.akc.org/dog-breeds/puli/
Puli,"Height 17 inches (male), 16 inches (female). Weight 25-35 pounds.",https://www.akc.org/dog-breeds/puli/
Pumi,Built as a Hungarian sheepdog by crossing the Puli with Western herding dogs and terriers.,https://www.akc.org/dog-breeds/pumi/
Pumi,"The name Pumi was first mentioned in 1815, describing a kind of sheepdog.",https://www.akc.org/dog-breeds/pumi/
Pumi,"The Mudi, the Puli, and the Pumi are the three sheepdogs native to Hungary.",https://www.akc.org/dog-breeds/pumi/
Pumi,"Height 16-18.5 inches (male), 15-17.5 inches (female). Weight 27-29 pounds (male), 22-24 pounds (female).",https://www.akc.org/dog-breeds/pumi/
Pyrenean Shepherd,Built to move flocks from one grazing area to another in the Pyrenees.,https://www.akc.org/dog-breeds/pyrenean-shepherd/
Pyrenean Shepherd,"The breed was known among shepherds of the Pyrenees, the mountains that form the border between France and Spain.",https://www.akc.org/dog-breeds/pyrenean-shepherd/
Pyrenean Shepherd,"Height 15.5-18.5 inches (male rough-faced), 15-18 inches (female rough-faced), 15.5-21 inches (male smooth-faced), 15.5-20.5 inches (female smooth-faced). Weight 15-30 pounds.",https://www.akc.org/dog-breeds/pyrenean-shepherd/
Rat Terrier,Built to kill rats and to earn its keep as an all-purpose farm dog.,https://www.akc.org/dog-breeds/rat-terrier/
Rat Terrier,"On old farms a ratter mattered, because rodents in the grain could leave a family short of food for the winter.",https://www.akc.org/dog-breeds/rat-terrier/
Rat Terrier,"Height 10-13 inches (miniature), 13-18 inches (standard). Weight 10-25 pounds.",https://www.akc.org/dog-breeds/rat-terrier/
Redbone Coonhound,Developed by American settlers to hunt raccoons for meat and fur.,https://www.akc.org/dog-breeds/redbone-coonhound/
Redbone Coonhound,The breed descends from red foxhounds brought to America by Scottish immigrants in the late 1700s.,https://www.akc.org/dog-breeds/redbone-coonhound/
Redbone Coonhound,"Redbones are part of the nite hunt, a chase after the nocturnal raccoon.",https://www.akc.org/dog-breeds/redbone-coonhound/
Redbone Coonhound,"Height 22-27 inches (male), 21-26 inches (female). Weight 45-70 pounds.",https://www.akc.org/dog-breeds/redbone-coonhound/
Rhodesian Ridgeback,"Built in southern Africa to hunt large game, including holding a lion at bay.",https://www.akc.org/dog-breeds/rhodesian-ridgeback/
Rhodesian Ridgeback,"The breed's formal development came hundreds of years later, from big-game hunter Cornelius van Rooyen.",https://www.akc.org/dog-breeds/rhodesian-ridgeback/
Rhodesian Ridgeback,"Height 25-27 inches (male), 24-26 inches (female). Weight 85 pounds (male), 70 pounds (female).",https://www.akc.org/dog-breeds/rhodesian-ridgeback/
Rottweiler,The Rottweiler descends from Roman drover dogs used to guide cattle and guard encampments.,https://www.akc.org/dog-breeds/rottweiler/
Rottweiler,"In the years 1901 to 1907, the Rottweiler again found favor as a police dog.",https://www.akc.org/dog-breeds/rottweiler/
Rottweiler,"Height 24-27 inches (male), 22-25 inches (female). Weight 95-135 pounds (male), 80-100 pounds (female).",https://www.akc.org/dog-breeds/rottweiler/
Rottweiler,"American Temperament Test Society pass rate: 85.0% (6,216 dogs tested).",https://atts.org/breed-statistics/statistics-page7/
Russell Terrier,Built as a fox-working dog that could run with the hounds and go to ground to bolt prey.,https://www.akc.org/dog-breeds/russell-terrier/
Russell Terrier,"The Russell and the Parson Russell share fox-working roots in the kennels of Rev. John Russell, the Sporting Parson, in the mid-1800s.",https://www.akc.org/dog-breeds/russell-terrier/
Russell Terrier,Height 10-12 inches. Weight 9-15 pounds.,https://www.akc.org/dog-breeds/russell-terrier/
Russian Toy,The Russian Toy began as an English Toy Terrier brought to Russia and kept as a small companion.,https://www.akc.org/dog-breeds/russian-toy/
Russian Toy,Developed in the 18th century.,https://www.akc.org/dog-breeds/russian-toy/
Russian Toy,Height 8-11 inches. Weight Up to 6.5 pounds.,https://www.akc.org/dog-breeds/russian-toy/
Russian Tsvetnaya Bolonka,Created in Leningrad in the 1950s as a decorative companion dog.,https://www.akc.org/dog-breeds/russian-tsvetnaya-bolonka/
Russian Tsvetnaya Bolonka,Height 11 inches. Weight 6 - 9 pounds.,https://www.akc.org/dog-breeds/russian-tsvetnaya-bolonka/
Saint Bernard,Monks at a hospice in the Alps developed the Saint Bernard to find and rescue travelers buried in snow.,https://www.akc.org/dog-breeds/st-bernard/
Saint Bernard,"Height 28-30 inches (males), 26-28 inches (female). Weight 140-180 pounds (male), 120-140 pounds (female).",https://www.akc.org/dog-breeds/st-bernard/
Saluki,Built as a sighthound used to track and bring down gazelle.,https://www.akc.org/dog-breeds/saluki/
Saluki,"Height 23-28 inches (male), considerably smaller (female). Weight 40-65 pounds.",https://www.akc.org/dog-breeds/saluki/
Samoyed,Developed by the Samoyede people to herd and guard reindeer and to pull sleds.,https://www.akc.org/dog-breeds/samoyed/
Samoyed,The dogs also sledged heavy loads across Siberia.,https://www.akc.org/dog-breeds/samoyed/
Samoyed,"Height 21-23.5 inches (male), 19-21 inches (female). Weight 45-65 pounds (male), 35-50 pounds (female).",https://www.akc.org/dog-breeds/samoyed/
Schipperke,Built as a shipboard ratter on the canals of the Low Countries and as a watchdog on barges and in shops.,https://www.akc.org/dog-breeds/schipperke/
Schipperke,"Height 11-13 inches (male), 10-12 inches (female). Weight 10-16 pounds.",https://www.akc.org/dog-breeds/schipperke/
Scottish Deerhound,Built to pursue and bring down the wild red deer.,https://www.akc.org/dog-breeds/scottish-deerhound/
Scottish Deerhound,Hunters usually run Scottish Deerhounds singly or in pairs.,https://www.akc.org/dog-breeds/scottish-deerhound/
Scottish Deerhound,"Height 30-32 inches (male), 28 inches & up (female). Weight 85-110 pounds (male), 75-95 pounds (female).",https://www.akc.org/dog-breeds/scottish-deerhound/
Scottish Terrier,"Built to hunt rats, foxes, and badgers in the Scottish Highlands.",https://www.akc.org/dog-breeds/scottish-terrier/
Scottish Terrier,"Height 10 inches. Weight 19-22 pounds (male), 18-21 pounds (female).",https://www.akc.org/dog-breeds/scottish-terrier/
Sealyham Terrier,"Built in Wales to quarry badger, fox, and otter.",https://www.akc.org/dog-breeds/sealyham-terrier/
Sealyham Terrier,"Height 10.5 inches. Weight 23-24 pounds (male), slightly less (females).",https://www.akc.org/dog-breeds/sealyham-terrier/
Shetland Sheepdog,"Built to herd sheep, ponies, and poultry on farms in the Shetland Islands.",https://www.akc.org/dog-breeds/shetland-sheepdog/
Shetland Sheepdog,"Lord Scott, brought from Shetland by John G. Sherman, Jr. of New York was the first Sheltie the AKC registered, in 1911.",https://www.akc.org/dog-breeds/shetland-sheepdog/
Shetland Sheepdog,Height 13-16 inches. Weight 15-25 pounds.,https://www.akc.org/dog-breeds/shetland-sheepdog/
Shiba Inu,Built to hunt in the rugged mountains of Japan.,https://www.akc.org/dog-breeds/shiba-inu/
Shiba Inu,"Height 14.5-16.5 inches (male), 13.5-15.5 inches (female). Weight 23 pounds (male), 17 pounds (female).",https://www.akc.org/dog-breeds/shiba-inu/
Shih Tzu,Built in the palace of the Chinese emperor as a lap companion.,https://www.akc.org/dog-breeds/shih-tzu/
Shih Tzu,Height 9-10.5 inches. Weight 9-16 pounds.,https://www.akc.org/dog-breeds/shih-tzu/
Siberian Husky,Developed by the Chukchi people of northeastern Asia as an endurance sled dog and family companion.,https://www.akc.org/dog-breeds/siberian-husky/
Siberian Husky,"Height 21-23.5 inches (male), 20-22 inches (female). Weight 45-60 pounds (male), 35-50 pounds (female).",https://www.akc.org/dog-breeds/siberian-husky/
Siberian Husky,American Temperament Test Society pass rate: 86.7%.,https://atts.org/breed-statistics/statistics-page7/
Silky Terrier,Created in Australia in the early 20th century from Yorkshire Terriers and Australian Terriers.,https://www.akc.org/dog-breeds/silky-terrier/
Silky Terrier,Developed in 1955.,https://www.akc.org/dog-breeds/silky-terrier/
Silky Terrier,Height 9-10 inches. Weight around 10 pounds.,https://www.akc.org/dog-breeds/silky-terrier/
Skye Terrier,Developed by farmers on the island of Skye to control foxes and badgers.,https://www.akc.org/dog-breeds/skye-terrier/
Skye Terrier,Developed in the 1600s.,https://www.akc.org/dog-breeds/skye-terrier/
Skye Terrier,"Height 10 inches (male), 9.5 inches (female). Weight 35-45 pounds (male), slightly lighter (female).",https://www.akc.org/dog-breeds/skye-terrier/
Sloughi,Built to course game across desert country.,https://www.akc.org/dog-breeds/sloughi/
Sloughi,"Sloughi-type hounds were hunting companions of Egyptian nobles, Berber kings, and nomadic chieftains.",https://www.akc.org/dog-breeds/sloughi/
Sloughi,"Height 26-29 inches (male), 24-27 inches (female). Weight 40 -65 pounds.",https://www.akc.org/dog-breeds/sloughi/
Smooth Fox Terrier,Built to ride to the hunt and bolt a fox that had gone underground.,https://www.akc.org/dog-breeds/smooth-fox-terrier/
Smooth Fox Terrier,On a hunt the terriers rode in saddlebags and were released when the fox went underground.,https://www.akc.org/dog-breeds/smooth-fox-terrier/
Smooth Fox Terrier,"Height 15½ inches. Weight 18 pounds (male), 15-17 (female).",https://www.akc.org/dog-breeds/smooth-fox-terrier/
Soft Coated Wheaten Terrier,"Built as an Irish farm dog for ratting, guarding, herding, and bird-dogging.",https://www.akc.org/dog-breeds/soft-coated-wheaten-terrier/
Soft Coated Wheaten Terrier,Wheatens first reached the United States in the 1940s with Lydia Vogel of Massachusetts.,https://www.akc.org/dog-breeds/soft-coated-wheaten-terrier/
Soft Coated Wheaten Terrier,"On the farm a Wheaten was expected to rat, guard the chicken coop, herd, or bird-dog.",https://www.akc.org/dog-breeds/soft-coated-wheaten-terrier/
Soft Coated Wheaten Terrier,"Height 18-19 inches (male), 17-18 inches (female). Weight 35-40 pounds (male), 30-35 pounds (female).",https://www.akc.org/dog-breeds/soft-coated-wheaten-terrier/
Spanish Water Dog,Developed both to retrieve waterfowl and to herd sheep.,https://www.akc.org/dog-breeds/spanish-water-dog/
Spanish Water Dog,The breed was always used as both a waterfowl retriever and a sheepherder.,https://www.akc.org/dog-breeds/spanish-water-dog/
Spanish Water Dog,"Height 17.5-19.75 inches (male), 15.75-18 inches (female). Weight 40-49 pounds (male), 31-40 pounds (female).",https://www.akc.org/dog-breeds/spanish-water-dog/
Spinone Italiano,Built in Italy's Piedmont to hunt beside people and to retrieve on land or water.,https://www.akc.org/dog-breeds/spinone-italiano/
Spinone Italiano,All-purpose Spinoni were first bred to work beside huntsmen on the hills of Alpine Italy.,https://www.akc.org/dog-breeds/spinone-italiano/
Spinone Italiano,"Height 23-27 inches (male), 22-25 inches (female). Weight In direct proportion to size and structure of a dog.",https://www.akc.org/dog-breeds/spinone-italiano/
Staffordshire Bull Terrier,Developed from Bulldog and terrier crosses when dogfighting was treated as a sport.,https://www.akc.org/dog-breeds/staffordshire-bull-terrier/
Staffordshire Bull Terrier,The old-fashioned Bulldog was used in bear-baiting and bull-baiting as early as the mid-sixteenth century.,https://www.akc.org/dog-breeds/staffordshire-bull-terrier/
Staffordshire Bull Terrier,"Height 14-16 inches. Weight 28-38 pounds (male), 24-34 pounds (female).",https://www.akc.org/dog-breeds/staffordshire-bull-terrier/
Standard Schnauzer,"Built as a German farm dog for ratting, herding, guarding, and hunting.",https://www.akc.org/dog-breeds/standard-schnauzer/
Standard Schnauzer,"The breed was first called Wire-Haired Pinschers and, by the 1900s, Schnauzers, a name that refers to the bearded muzzle.",https://www.akc.org/dog-breeds/standard-schnauzer/
Standard Schnauzer,"On farms the breed worked as ratters, herders, guardians, and hunters.",https://www.akc.org/dog-breeds/standard-schnauzer/
Standard Schnauzer,"Height 18.5-19.5 inches (male), 17.5-18.5 inches (female). Weight 35-50 pounds (male), 30-45 pounds (female).",https://www.akc.org/dog-breeds/standard-schnauzer/
Sussex Spaniel,"Built to hunt feathered game through the heavy clay, brush, and hedgerows of Sussex.",https://www.akc.org/dog-breeds/sussex-spaniel/
Sussex Spaniel,Developed in Sussex in the 1700s.,https://www.akc.org/dog-breeds/sussex-spaniel/
Sussex Spaniel,"Because the dog was built low and the cover was high, the Sussex used barks and babbling to show huntsmen where it was.",https://www.akc.org/dog-breeds/sussex-spaniel/
Sussex Spaniel,Height 13-15 inches. Weight 35-45 pounds.,https://www.akc.org/dog-breeds/sussex-spaniel/
Swedish Vallhund,Built as a cattle dog and all-purpose farm dog in western Sweden.,https://www.akc.org/dog-breeds/swedish-vallhund/
Swedish Vallhund,The breed is also called the Vastgotaspets and the Swedish Cattledog.,https://www.akc.org/dog-breeds/swedish-vallhund/
Swedish Vallhund,"Height 12.5-13.75 inches (male), 11.5-12.75 inches (female). Weight 20-35 pounds.",https://www.akc.org/dog-breeds/swedish-vallhund/
Teddy Roosevelt Terrier,Built in the United States to clear homes and farms of vermin.,https://www.akc.org/dog-breeds/teddy-roosevelt-terrier/
Teddy Roosevelt Terrier,"The Teddy Roosevelt was originally the short-legged form of the Rat Terrier, known as Type B.",https://www.akc.org/dog-breeds/teddy-roosevelt-terrier/
Teddy Roosevelt Terrier,Height 8-14 inches. Weight 8-25 pounds.,https://www.akc.org/dog-breeds/teddy-roosevelt-terrier/
Tibetan Mastiff,Built as a guardian in the Himalayas.,https://www.akc.org/dog-breeds/tibetan-mastiff/
Tibetan Mastiff,"Height minimum 26 inches (male), minimum 24 inches (female). Weight 90-150 pounds (male), 70-120 pounds (female).",https://www.akc.org/dog-breeds/tibetan-mastiff/
Tibetan Spaniel,Kept by Buddhist monks as a companion and as a watchdog on monastery walls.,https://www.akc.org/dog-breeds/tibetan-spaniel/
Tibetan Spaniel,Height 10 inches. Weight 9-15 pounds.,https://www.akc.org/dog-breeds/tibetan-spaniel/
Tibetan Terrier,"Built in Tibet as a companion, watchdog, herder, and flock guardian.",https://www.akc.org/dog-breeds/tibetan-terrier/
Tibetan Terrier,"Height 14-17 inches. Weight 18-30 pounds (male), slightly smaller (female).",https://www.akc.org/dog-breeds/tibetan-terrier/
Toy Fox Terrier,"Built in the United States from Smooth Fox Terriers and toy breeds, and it began as a barnyard ratter.",https://www.akc.org/dog-breeds/toy-fox-terrier/
Toy Fox Terrier,"In the early 20th century, American breeders crossed Smooth Fox Terrier runts with toy dogs, including Chihuahuas and Italian Greyhounds.",https://www.akc.org/dog-breeds/toy-fox-terrier/
Toy Fox Terrier,Height 8.5-11.5 inches. Weight 4 - 9 lbs.,https://www.akc.org/dog-breeds/toy-fox-terrier/
Treeing Walker Coonhound,Built to trail quarry until it climbs a tree and then bark until the hunter arrives.,https://www.akc.org/dog-breeds/treeing-walker-coonhound/
Treeing Walker Coonhound,"Walker is Thomas Walker of Virginia, a central figure in the breed's early development in the mid-1700s.",https://www.akc.org/dog-breeds/treeing-walker-coonhound/
Treeing Walker Coonhound,"Coonhound means a dog developed to tree raccoons and, sometimes, bigger game.",https://www.akc.org/dog-breeds/treeing-walker-coonhound/
Treeing Walker Coonhound,"Height 22-27 inches (male), 20-25 inches (female). Weight 50-70 pounds.",https://www.akc.org/dog-breeds/treeing-walker-coonhound/
Vizsla,"Developed by the Magyars as a swift, all-purpose hunting dog.",https://www.akc.org/dog-breeds/vizsla/
Vizsla,"Height 22-24 inches (male), 21-23 inches (female). Weight 55-60 pounds (male), 44-55 pounds (female).",https://www.akc.org/dog-breeds/vizsla/
Weimaraner,Built in the German town of Weimar to hunt big game and later to point and retrieve birds.,https://www.akc.org/dog-breeds/weimaraner/
Weimaraner,The breed dates to the early 19th century in Germany.,https://www.akc.org/dog-breeds/weimaraner/
Weimaraner,"When big game grew fewer, the Weimaraner became a hunter that points and retrieves game birds.",https://www.akc.org/dog-breeds/weimaraner/
Weimaraner,"Height 25-27 inches (male), 23-25 inches (female). Weight 70-90 pounds (male), 55-75 pounds (female).",https://www.akc.org/dog-breeds/weimaraner/
Welsh Springer Spaniel,"The Welsh Springer Spaniel descends from the original spaniels of the Iberian Peninsula, described as the oldest spaniel line in Britain.",https://www.akc.org/dog-breeds/welsh-springer-spaniel/
Welsh Springer Spaniel,Welsh and English Springers became separate breeds in the early 1900s.,https://www.akc.org/dog-breeds/welsh-springer-spaniel/
Welsh Springer Spaniel,"Height 18-19 inches (male), 17-18 inches (female). Weight 40-55 pounds (male), 35-50 pounds (female).",https://www.akc.org/dog-breeds/welsh-springer-spaniel/
Welsh Terrier,"Built to hunt fox, otter, and badger in the mountains of northern Wales.",https://www.akc.org/dog-breeds/welsh-terrier/
Welsh Terrier,"By sometime in the 1700s, the Welsh Terrier was taking the form known today.",https://www.akc.org/dog-breeds/welsh-terrier/
Welsh Terrier,"Height 15 inches (male), porportionally smaller (female). Weight 20 pounds (male), proportionally smaller (female).",https://www.akc.org/dog-breeds/welsh-terrier/
West Highland White Terrier,Built in Scotland to reduce the rodent population.,https://www.akc.org/dog-breeds/west-highland-white-terrier/
West Highland White Terrier,"In the 1700s the Malcom clan bred terriers on the Poltalloch estate, and the breed was sometimes called the Poltalloch Terrier.",https://www.akc.org/dog-breeds/west-highland-white-terrier/
West Highland White Terrier,"Height 11 inches (male), 10 inches (female). Weight 15-20 pounds.",https://www.akc.org/dog-breeds/west-highland-white-terrier/
Whippet,Built in England for vermin hunting and racing.,https://www.akc.org/dog-breeds/whippet/
Whippet,"Height 19-22 inches (male), 18-21 inches (female). Weight 25-40 pounds.",https://www.akc.org/dog-breeds/whippet/
Wire Fox Terrier,Built to bolt the fox from its lair so the hunt could continue.,https://www.akc.org/dog-breeds/wire-fox-terrier/
Wire Fox Terrier,Developed in the late 1700s.,https://www.akc.org/dog-breeds/wire-fox-terrier/
Wire Fox Terrier,"Height 15½ inches. Weight 18 pounds (male), 15-17 (female).",https://www.akc.org/dog-breeds/wire-fox-terrier/
Wirehaired Pointing Griffon,Eduard Korthals developed the Wirehaired Pointing Griffon to point game on land and retrieve it from water.,https://www.akc.org/dog-breeds/wirehaired-pointing-griffon/
Wirehaired Pointing Griffon,"Eduard Korthals, a Dutch banker's son, was one of the Continental sportsmen breeding versatile hunting dogs.",https://www.akc.org/dog-breeds/wirehaired-pointing-griffon/
Wirehaired Pointing Griffon,"Height 22-24 inches (male), 20-22 inches (female). Weight 50-70 pounds (male), 35-50 pounds (female).",https://www.akc.org/dog-breeds/wirehaired-pointing-griffon/
Wirehaired Vizsla,Built in Hungary in the 1930s as a hunting dog with a sturdier body and a denser coat.,https://www.akc.org/dog-breeds/wirehaired-vizsla/
Wirehaired Vizsla,Wirehaired Vizslas were created in the 1930s.,https://www.akc.org/dog-breeds/wirehaired-vizsla/
Wirehaired Vizsla,Hungarian hunters and falconers made the breed by crossing Vizslas with German Wirehaired Pointers.,https://www.akc.org/dog-breeds/wirehaired-vizsla/
Wirehaired Vizsla,"Height 23-25 inches (male), 21.5-23 inches (female). Weight 55-65 pounds (male), 45-55 pounds (female).",https://www.akc.org/dog-breeds/wirehaired-vizsla/
Xoloitzcuintli,Kept by the Aztecs as a sacred companion and guide.,https://www.akc.org/dog-breeds/xoloitzcuintli/
Xoloitzcuintli,"Height 10-14 inches (toy), 14-18 inches (miniature), 18-23 inches (standard). Weight 10-15 pounds (toy), 15-30 pounds (miniature), 30-55 pounds (standard).",https://www.akc.org/dog-breeds/xoloitzcuintli/
Yorkshire Terrier,Developed by Scottish weavers to hunt vermin in the fabric mills of Yorkshire.,https://www.akc.org/dog-breeds/yorkshire-terrier/
Yorkshire Terrier,The breed was developed in the mid-1800s in the English counties of Yorkshire and Lancashire.,https://www.akc.org/dog-breeds/yorkshire-terrier/
Yorkshire Terrier,"The Yorkie traces to the Waterside Terrier, also called a weaver dog.",https://www.akc.org/dog-breeds/yorkshire-terrier/
Yorkshire Terrier,Height 7-8 inches. Weight 7 pounds.,https://www.akc.org/dog-breeds/yorkshire-terrier/
